date,med_temp,med_hum,pm25,o3,home,work,transit,parks,grocery,retail
2020-02-15,25.5,87.8556991721971,105,13,-2,5,-2,5,7,5
2020-02-16,25.75,78.6067529523167,70,15,-1,1,-2,-1,4,2
2020-02-17,25.825,76.2099071721778,61,13,-3,10,8,2,6,2
2020-02-18,26,69.8676002355409,66,11,-2,10,2,5,4,-1
2020-02-19,28,72.2485239094511,58,12,-2,10,4,7,3,0
2020-02-20,26.8,81.1430564582133,71,14,-2,10,5,4,3,1
2020-02-21,25.575,82.4294785129609,83,11,-2,11,12,-2,2,-4
2020-02-22,23,78.1728051436814,52,19,-1,4,5,1,3,-2
2020-02-23,21,65.9150763225696,33,20,0,0,3,6,-1,-2
2020-02-24,23.6,78.3474420805214,41,15,2,-16,3,10,1,2
2020-02-25,27.85,64.345943989375,56,16,6,-32,4,14,0,-1
2020-02-26,25,74.0800583472071,49,19,-1,8,7,-11,-2,-7
2020-02-27,21,73.2971115722576,67,19,1,9,-1,-9,2,-3
2020-02-28,21,63.5496558343772,47,20,-2,12,3,-4,8,-1
2020-02-29,19,60.8212979562278,56,21,0,7,-5,-7,9,3
2020-03-01,20.675,53.5482179212964,37,21,1,3,-5,-8,7,1
2020-03-02,25,57.9852363518516,35,17,-3,12,2,0,8,2
2020-03-03,27.825,69.8040284725531,57,11,-1,7,-2,2,6,0
2020-03-04,29.975,63.0452384611042,50,10,-2,10,-1,2,6,1
2020-03-05,28.5,67.9098556940694,56,18,-1,11,-2,-3,4,1
2020-03-06,24,69.0630153592452,65,21,-2,13,2,-2,4,-4
2020-03-07,23,64.6239352534018,37,22,0,7,-4,-2,5,0
2020-03-08,22.7,63.1347058548096,36,22,1,4,-11,-5,3,0
2020-03-09,24.15,57.1271131427159,46,20,7,-18,-7,-12,-6,-12
2020-03-10,24.1,64.9182640786198,49,20,-2,11,0,-1,5,-2
2020-03-11,25.825,67.6695779092486,68,19,-2,10,4,-1,4,0
2020-03-12,24.075,76.0572543935268,53,18,-1,10,0,0,4,1
2020-03-13,27.8,63.4000563975273,50,18,-2,9,8,-1,12,-1
2020-03-14,29.3,57.8975761422822,53,15,-1,5,2,-4,17,-1
2020-03-15,27,70.7110474352956,52,14,2,1,-15,-14,6,-12
2020-03-16,27,69.6717971404895,58,14,15,-54,-21,-23,0,-22
2020-03-17,26.825,66.992832026692,54,16,9,-17,-14,-27,-1,-19
2020-03-18,26.2,69.8787529421515,68,NaN,12,-23,-25,-31,-6,-24
2020-03-19,29,63.8135675507056,NaN,NaN,14,-26,-34,-36,-7,-29
2020-03-20,29.4,57.6191190238546,NaN,NaN,15,-26,-39,-40,-12,-37
2020-03-21,29,59.8531822519767,NaN,NaN,15,-15,-46,-47,-17,-45
2020-03-22,27,63.6193213978524,NaN,NaN,16,-19,-56,-59,-28,-55
2020-03-23,27.7,59.5427854589093,112,19,17,-34,-48,-44,-22,-41
2020-03-24,26.7,67.5007448186681,45,16,19,-37,-54,-46,-23,-44
2020-03-25,28.125,61.839677824498,39,18,19,-39,-55,-47,-25,-45
2020-03-26,27.675,61.6413279765012,53,16,21,-41,-60,-49,-26,-46
2020-03-27,27.65,61.839677824498,55,15,22,-39,-60,-50,-23,-48
2020-03-28,29.625,51.1013250782761,58,18,17,-25,-62,-52,-22,-50
2020-03-29,28.65,54.570724695626,58,18,18,-27,-69,-63,-31,-59
2020-03-30,30,56.0033237686887,56,12,20,-42,-61,-49,-25,-44
2020-03-31,29,61.9396356855541,55,12,20,-44,-60,-50,-20,-42
2020-04-01,27,72.4358546314737,60,14,23,-50,-65,-55,-25,-52
2020-04-02,27,76.8293038792713,72,13,27,-54,-68,-59,-27,-60
2020-04-03,27.15,67.6723257224429,69,13,28,-53,-69,-60,-24,-69
2020-04-04,30.25,55.039780513927,48,17,23,-42,-71,-65,-28,-72
2020-04-05,30,58.1303023284138,45,15,22,-39,-77,-72,-40,-77
2020-04-06,27.4,69.5864843908944,66,13,27,-57,-70,-61,-31,-68
2020-04-07,30,62.2374747678938,63,15,27,-58,-71,-60,-32,-66
2020-04-08,29.125,63.9632576526697,73,16,27,-59,-71,-60,-31,-65
2020-04-09,30.5,52.1487625805445,72,20,30,-65,-75,-62,-30,-67
2020-04-10,28,69.75617002179,81,17,36,-74,-82,-70,-43,-78
2020-04-11,28,70.0927520944322,89,15,26,-52,-79,-66,-38,-73
2020-04-12,28.5,67.8579062721536,89,24,22,-38,-78,-72,-44,-76
2020-04-13,32.05,62.3334232022047,82,19,26,-55,-72,-60,-34,-64
2020-04-14,30,66.05002576621,88,22,27,-57,-73,-60,-33,-64
2020-04-15,29,65.9587026542225,92,16,26,-56,-72,-58,-29,-61
2020-04-16,28.025,74.2309592704906,106,15,29,-57,-73,-60,-31,-62
2020-04-17,28.075,67.8499830233878,78,19,30,-54,-73,-60,-31,-65
2020-04-18,32.775,49.3959882144327,61,18,23,-40,-77,-64,-36,-70
2020-04-19,31.55,56.6778721913437,71,21,21,-34,-81,-71,-44,-75
2020-04-20,31,55.2498995352138,72,25,26,-54,-73,-60,-36,-65
2020-04-21,28.65,70.0093038735589,104,20,28,-56,-75,-62,-38,-67
2020-04-22,30,62.2374747678938,73,19,27,-56,-75,-62,-38,-67
2020-04-23,32,57.0163733829821,74,25,29,-56,-76,-63,-36,-68
2020-04-24,32.8,58.5367243878034,91,22,32,-57,-76,-68,-44,-74
2020-04-25,31,68.2899539963414,93,23,27,-46,-80,-70,-46,-76
2020-04-26,27,73.8549949244717,104,NaN,25,-40,-84,-76,-52,-80
2020-04-27,29,71.6856716607581,94,16,30,-57,-77,-67,-44,-71
2020-04-28,26.9,74.0800583472071,63,18,26,-58,-78,-67,-43,-71
2020-04-29,26.125,80.9508797633877,68,18,29,-57,-76,-64,-37,-68
2020-04-30,27,74.1567967710387,73,21,28,-55,-72,-62,-29,-61
2020-05-01,27,72.3308194757391,56,24,35,-68,-80,-67,-40,-74
2020-05-02,26.275,69.0310480852639,51,19,26,-45,-78,-67,-40,-73
2020-05-03,28.875,65.7741103940899,51,16,23,-36,-83,-75,-49,-78
2020-05-04,29,71.070610220693,79,14,28,-55,-75,-64,-39,-67
2020-05-05,30,65.9587026542225,53,14,30,-58,-77,-65,-40,-69
2020-05-06,29.5,66.05002576621,93,13,29,-57,-76,-64,-41,-69
2020-05-07,28,69.4837472472574,71,19,31,-57,-77,-65,-40,-69
2020-05-08,27,69.5864843908944,62,20,31,-55,-77,-65,-37,-70
2020-05-09,29.5,69.5128589114246,59,15,25,-42,-79,-67,-39,-73
2020-05-10,24.5,91.4165649630285,62,16,21,-25,-81,-72,-45,-75
2020-05-11,26.575,77.9251420050144,55,20,29,-54,-76,-65,-42,-69
2020-05-12,26.5,74.006764271661,57,19,29,-56,-77,-64,-40,-69
2020-05-13,27,75.3571558721512,58,13,29,-55,-76,-63,-39,-68
2020-05-14,30,68.1170504863149,50,12,28,-55,-76,-64,-37,-67
2020-05-15,29.5,70.0927520944322,53,14,29,-51,-73,-62,-30,-67
2020-05-16,29.5,70.22323532407,57,16,24,-38,-76,-64,-34,-70
2020-05-17,30,70.2578289910344,64,13,22,-28,-80,-72,-43,-76
2020-05-18,28,78.9225134328618,82,15,27,-51,-74,-62,-36,-66
2020-05-19,28.1666666666667,83.1508709977607,98,23,28,-53,-75,-61,-36,-66
2020-05-20,28,76.551262616144,67,14,27,-53,-73,-60,-36,-66
2020-05-21,28.75,73.5675642721634,57,14,29,-54,-74,-62,-37,-67
2020-05-22,26.175,74.2292661188952,69,15,30,-50,-74,-64,-38,-70
2020-05-23,25,88.7051330177307,51,NaN,24,-36,-77,-66,-37,-71
2020-05-24,24.3,89.0042590182554,NaN,NaN,22,-27,-81,-72,-45,-76
2020-05-25,27,83.5900463485691,NaN,3,27,-51,-72,-62,-37,-66
2020-05-26,27.875,78.734105397889,122,4,27,-51,-75,-61,-38,-66
2020-05-27,28,78.2242407161764,61,1,26,-50,-73,-60,-37,-66
2020-05-28,29.325,77.8719883502299,90,2,28,-50,-74,-62,-36,-65
2020-05-29,28,74.3051217699424,75,1,29,-48,-72,-64,-35,-67
2020-05-30,23.75,94.1279969083263,70,1,22,-30,-74,-65,-33,-68
2020-05-31,25,94.1703410581349,55,1,21,-21,-77,-72,-40,-73
2020-06-01,24,94.1665213924193,89,1,26,-50,-71,-69,-42,-68
2020-06-02,24,94.1950382184226,59,1,29,-55,-77,-72,-45,-71
2020-06-03,25,94.1665213924193,48,1,26,-51,-75,-64,-34,-63
2020-06-04,24.4,95.3326760632099,68,1,31,-54,-76,-73,-47,-72
2020-06-05,23.8,96.2134721094456,41,1,31,-55,-76,-69,-37,-71
2020-06-06,25,88.7051330177307,35,NaN,21,-30,-75,-64,-35,-68
2020-06-07,28,79.0338631305027,NaN,NaN,18,-15,-77,-69,-39,-72
2020-06-08,28.5,80.4282272022054,NaN,7,21,-41,-65,-55,-29,-57
2020-06-09,31,74.6461419256706,108,7,21,-42,-66,-55,-30,-58
2020-06-10,29.95,75.9966863172879,98,8,21,-42,-65,-54,-28,-56
2020-06-11,28,79.4368401318773,101,8,23,-42,-67,-57,-29,-57
2020-06-12,27.6666666666667,81.1375925321449,97,7,23,-40,-64,-55,-23,-58
2020-06-13,28.2,74.3051217699424,78,13,18,-21,-69,-58,-26,-62
2020-06-14,27,78.7974034623456,80,14,17,-10,-71,-67,-35,-69
2020-06-15,25,94.1279969083263,84,7,19,-38,-61,-52,-21,-52
2020-06-16,25.5,88.6329999588749,62,9,21,-39,-63,-52,-22,-53
2020-06-17,25.75,88.7407452515613,83,8,20,-39,-62,-52,-23,-52
2020-06-18,26,84.9672575456903,79,8,22,-40,-63,-54,-26,-54
2020-06-19,26.125,82.9035212463055,67,7,21,-38,-61,-54,-24,-57
2020-06-20,26.5166666666667,88.7759117084838,66,8,17,-20,-65,-56,-24,-61
2020-06-21,27,88.6329999588749,80,8,15,1,-71,-66,-36,-69
2020-06-22,25,90.8549571945393,54,5,20,-40,-62,-54,-27,-55
2020-06-23,28,83.2037077558807,82,6,21,-41,-63,-51,-26,-55
2020-06-24,29,78.9225134328618,125,3,21,-40,-66,-52,-27,-55
2020-06-25,28,74.3051217699424,133,3,22,-40,-65,-54,-28,-55
2020-06-26,29.3333333333333,74.5967634253865,161,8,22,-38,-62,-54,-25,-58
2020-06-27,28,83.5900463485691,131,8,18,-22,-66,-58,-27,-63
2020-06-28,27.85,78.9217832860776,72,9,18,-11,-71,-67,-37,-70
2020-06-29,26.25,86.1325334697364,75,8,19,-38,-62,-51,-23,-52
2020-06-30,29.6,74.4509425976645,101,9,19,-39,-63,-51,-19,-48
2020-07-01,29,69.3283365279806,104,11,19,-39,-61,-51,-19,-48
2020-07-02,27.1,87.5622884985608,80,10,21,-41,-64,-55,-24,-50
2020-07-03,24,88.5599408351937,69,9,21,-38,-61,-54,-21,-53
2020-07-04,24.2,88.5964703970343,47,10,17,-20,-67,-56,-24,-58
2020-07-05,26,84.2393848714372,62,NaN,17,-12,-71,-67,-35,-66
2020-07-06,26,88.2236953188059,89,5,19,-39,-61,-51,-22,-50
2020-07-07,29.25,73.888956773388,81,8,20,-40,-64,-51,-23,-51
2020-07-08,30,78.2174083248984,91,8,20,-40,-64,-50,-25,-52
2020-07-09,28.5833333333333,81.3063319454696,81,9,22,-41,-65,-54,-27,-53
2020-07-10,26.25,88.7763574853919,57,7,22,-39,-63,-55,-24,-56
2020-07-11,26.25,93.4190634724646,56,7,17,-20,-67,-56,-24,-58
2020-07-12,29,78.7966603831471,73,9,17,-11,-72,-65,-34,-66
2020-07-13,28.5,74.3784448680359,65,8,19,-39,-62,-51,-24,-52
2020-07-14,28.4333333333333,75.1823759203864,65,8,20,-41,-64,-50,-19,-49
2020-07-15,29,78.9225134328618,84,9,20,-40,-61,-52,-20,-49
2020-07-16,27.25,72.6370218636858,74,9,23,-42,-63,-55,-23,-51
2020-07-17,29,72.9204077599242,85,9,23,-40,-61,-55,-23,-55
2020-07-18,29.5,77.4153884315346,66,12,20,-27,-68,-60,-27,-62
2020-07-19,27,76.9893857351219,57,10,19,-18,-72,-69,-37,-70
2020-07-20,25.0333333333333,93.4601976817576,56,12,20,-41,-62,-54,-25,-52
2020-07-21,27,83.6901504580773,45,14,22,-43,-64,-54,-26,-53
2020-07-22,29,77.8848323614895,39,10,22,-42,-65,-54,-28,-54
2020-07-23,26,83.5900463485691,45,11,23,-42,-66,-57,-28,-54
2020-07-24,26.7,88.7763574853919,38,8,23,-40,-63,-55,-25,-56
2020-07-25,28,83.7395972655048,68,7,20,-27,-69,-58,-28,-63
2020-07-26,27.5,78.6550942097463,40,8,19,-18,-74,-66,-37,-69
2020-07-27,27,88.470152924726,57,7,21,-41,-62,-52,-26,-53
2020-07-28,29.3333333333333,74.8704693218804,73,8,22,-42,-63,-53,-26,-53
2020-07-29,29,78.8599584476037,75,9,21,-42,-64,-53,-26,-51
2020-07-30,29.0166666666667,72.8229005079119,64,9,23,-42,-65,-54,-24,-49
2020-07-31,29,78.4798256071279,63,9,22,-40,-61,-52,-19,-50
2020-08-01,31.3,66.204522638986,61,9,18,-26,-67,-56,-22,-57
2020-08-02,30.725,70.4857688416976,63,NaN,18,-17,-70,-66,-33,-65
